-- Screenprinting Bali pricing calculator schema
-- Run this in the Supabase SQL editor (or via `supabase db push`).

create table if not exists products (
  slug text primary key,
  label text not null,
  has_cut_option boolean not null default false,
  has_bag_size_option boolean not null default false,
  moq integer not null default 1,
  sort_order integer not null default 0
);

create table if not exists fabrics (
  id bigint generated by default as identity primary key,
  product_slug text not null references products(slug) on delete cascade,
  value text not null,
  label text not null,
  price numeric not null,
  sort_order integer not null default 0,
  unique (product_slug, value)
);

create table if not exists cuts (
  slug text primary key,
  label text not null,
  multiplier numeric not null default 1,
  sort_order integer not null default 0
);

create table if not exists bag_sizes (
  slug text primary key,
  label text not null,
  dim text not null,
  multiplier numeric not null default 1,
  sort_order integer not null default 0
);

create table if not exists print_methods (
  slug text primary key,
  label text not null,
  type text not null check (type in ('dtf', 'screen')),
  moq integer not null default 1,
  -- DTF fields
  film_rate_per_cm2 numeric,
  press_margin numeric,
  press_flat_cost numeric,
  -- Screen (plastisol/rubber) fields
  base_cost numeric,
  per_extra_color numeric,
  setup_per_color numeric,
  -- Which product slugs this method applies to. NULL = available to all products.
  applicable_products text[],
  sort_order integer not null default 0
);

create table if not exists design_sizes (
  slug text primary key,
  label text not null,
  dim text not null,
  area_cm2 numeric not null,
  multiplier numeric not null default 1,
  sort_order integer not null default 0
);

-- RLS: open for now (no auth yet, per project notes). Tighten before going to production.
alter table products enable row level security;
alter table fabrics enable row level security;
alter table cuts enable row level security;
alter table bag_sizes enable row level security;
alter table print_methods enable row level security;
alter table design_sizes enable row level security;

create policy "public read products" on products for select using (true);
create policy "public read fabrics" on fabrics for select using (true);
create policy "public read cuts" on cuts for select using (true);
create policy "public read bag_sizes" on bag_sizes for select using (true);
create policy "public read print_methods" on print_methods for select using (true);
create policy "public read design_sizes" on design_sizes for select using (true);

-- TEMPORARY: allow anon write so the /admin page works without auth yet.
-- Remove these four policies once you add admin authentication.
create policy "temp anon write products" on products for all using (true) with check (true);
create policy "temp anon write fabrics" on fabrics for all using (true) with check (true);
create policy "temp anon write cuts" on cuts for all using (true) with check (true);
create policy "temp anon write bag_sizes" on bag_sizes for all using (true) with check (true);
create policy "temp anon write print_methods" on print_methods for all using (true) with check (true);
create policy "temp anon write design_sizes" on design_sizes for all using (true) with check (true);

-- ---------- Seed data (matches current hardcoded calculator values) ----------

insert into products (slug, label, has_cut_option, has_bag_size_option, moq, sort_order) values
  ('tshirt',   'T-shirt',            true,  false, 1,   1),
  ('hoodie',   'Hoodie',             true,  false, 1,   2),
  ('croptop',  'Crop top',           true,  false, 1,   3),
  ('tanktop',  'Tank top / Singlet', true,  false, 1,   4),
  ('totebag',  'Totebag',            false, true,  100, 5),
  ('paperbag', 'Paperbag',           false, true,  100, 6)
on conflict (slug) do nothing;

insert into fabrics (product_slug, value, label, price, sort_order) values
  ('tshirt',   'combed16s',  'Combed 16s',  115000, 1),
  ('tshirt',   'combed24s',  'Combed 24s',  105000, 2),
  ('tshirt',   'combed30s',  'Combed 30s',  90000, 3),
  ('hoodie',   'fleece',     'Fleece premium', 130000, 1),
  ('croptop',  'combed24s',  'Combed 24s',  95000, 1),
  ('croptop',  'combed30s',  'Combed 30s',  90000, 2),
  ('tanktop',  'combed24s',  'Combed 24s',  95000, 1),
  ('tanktop',  'combed30s',  'Combed 30s',  90000, 2),
  ('totebag',  'spunbond',   'Spunbond',    7000,  1),
  ('totebag',  'blacu',      'Blacu',       21000, 2),
  ('totebag',  'rami',       'Rami / jute', 28000, 3),
  ('paperbag', 'kraft',      'Kraft',       8500,  1),
  ('paperbag', 'artcarton',  'Art carton',  12500, 2)
on conflict (product_slug, value) do nothing;

insert into cuts (slug, label, multiplier, sort_order) values
  ('basic',    'Basic',    1.00, 1),
  ('oversize', 'Oversize', 1.10, 2),
  ('boxy',     'Boxy',     1.18, 3),
  ('fitted',   'Fitted',   1.20, 4)
on conflict (slug) do nothing;

insert into bag_sizes (slug, label, dim, multiplier, sort_order) values
  ('small',  'Small',  '~25x30cm', 0.80, 1),
  ('medium', 'Medium', '~30x40cm', 1.00, 2),
  ('large',  'Large',  '~35x45cm', 1.25, 3)
on conflict (slug) do nothing;

-- DTF film rate: Rp 45,000 per 55cm x 100cm roll = 45000 / 5500 per cm2
-- plastisol is restricted to garments; waterbased is restricted to tote/paper bags (see applicable_products).
insert into print_methods
  (slug, label, type, moq, film_rate_per_cm2, press_margin, press_flat_cost, base_cost, per_extra_color, setup_per_color, applicable_products, sort_order)
values
  ('dtf',        'DTF',        'dtf',    1,  8.181818, 1.6, 12000, null,  null, null, null, 1),
  ('plastisol',  'Plastisol',  'screen', 24, null,      null, null, 15000, 8000, 40000, array['tshirt','hoodie','croptop','tanktop'], 2),
  ('rubber',     'Rubber',     'screen', 24, null,      null, null, 11000, 6000, 40000, null, 3),
  ('waterbased', 'Waterbased', 'screen', 1,  null,      null, null, 10000, 5000, 35000, array['totebag','paperbag'], 4)
on conflict (slug) do nothing;

insert into design_sizes (slug, label, dim, area_cm2, multiplier, sort_order) values
  ('small',  'Small',  'A6, ~10x15cm', 150,  0.6, 1),
  ('medium', 'Medium', 'A5, ~15x21cm', 315,  1.0, 2),
  ('large',  'Large',  'A4, ~21x30cm', 630,  1.5, 3),
  ('xl',     'XL',     'A3, ~30x42cm', 1260, 2.2, 4)
on conflict (slug) do nothing;
